Protein1,Protein2,AbsPos1,AbsPos2,score,etc
Gle1,Gle1,163,171,1,intra
Gle1,Gle1,169,171,1,intra
Gle1,Gle1,171,163,1,intra
Gle1,Gle1,178,171,1,intra
Gle1,Gle1,188,196,1,intra
Gle1,Gle1,196,188,1,intra
Gle1,Gle1,206,196,1,intra
Gle1,Gle1,206,213,1,intra
Gle1,Gle1,213,196,1,intra
Gle1,Gle1,220,226,1,intra
Gle1,Gle1,220,231,1,intra
Gle1,Gle1,231,225,1,intra
Gle1,Gle1,231,238,1,intra
Gle1,Gle1,236,225,1,intra
Gle1,Gle1,236,226,1,intra
Gle1,Gle1,248,259,1,intra
Gle1,Gle1,251,259,1,intra
Gle1,Gle1,273,288,1,intra
Gle2,Gle2,201,243,1,intra
Gle2,Gle2,208,250,1,intra
Nup100,Nup100,829,836,1,intra
Nup100,Nup100,876,917,1,intra
Nup100,Nup100,876,930,1,intra
Nup100,Nup100,887,836,1,intra
Nup100,Nup100,910,930,1,intra
Nup100,Nup100,925,930,1,intra
Nup100,Nup100,925,932,1,intra
Nup100,Nup100,932,925,1,intra
Nup145,Nup145,524,562,1,allow full ambiguity
Nup145,Nup145,524,565,1,allow full ambiguity
Nup157,Nup157,360,394,1,intra
Nup157,Nup157,922,962,1,intra
Nup157,Nup157,962,922,1,intra
Nup157,Nup157,976,995,1,intra
Nup157,Nup157,976,1000,1,intra
Nup157,Nup157,1224,1274,1,intra
Nup157,Nup157,1368,1340,1,intra
Nup157,Nup157,1371,1340,1,intra
Nup157,Nup157,1371,1341,1,intra
Nup157,Nup157,40,56,1,206
Nup157,Nup157,316,301,1,207
Nup157,Nup157,325,301,1,208
Nup157,Nup157,329,301,1,209
Nup157,Nup157,329,316,1,210
Nup157,Nup157,329,360,1,211
Nup157,Nup157,522,405,1,212
Nup157,Nup157,522,533,1,213
Nup157,Nup157,527,405,1,214
Nup157,Nup157,553,56,1,215
Nup157,Nup157,696,678,1,216
Nup157,Nup157,732,736,1,217
Nup157,Nup157,1229,1391,1,218
Nup157,Nup157,1384,1391,1,219
Nup170,Nup170,114,587,1,intra
Nup170,Nup170,374,419,1,intra
Nup170,Nup170,416,512,1,intra
Nup170,Nup170,508,512,1,intra
Nup170,Nup170,575,139,1,intra
Nup170,Nup170,958,946,1,intra
Nup170,Nup170,1029,1144,1,intra
Nup170,Nup170,1046,1014,1,intra
Nup170,Nup170,1114,1014,1,intra
Nup170,Nup170,1144,1014,1,intra
Nup170,Nup170,139,547,1,242
Nup170,Nup170,139,566,1,243
Nup170,Nup170,374,547,1,244
Nup170,Nup170,547,416,1,246
Nup170,Nup170,547,419,1,247
Nup170,Nup170,547,512,1,248
Nup170,Nup170,548,416,1,249
Nup170,Nup170,548,419,1,250
Nup170,Nup170,548,512,1,251
Nup170,Nup170,548,566,1,252
Nup170,Nup170,563,416,1,253
Nup170,Nup170,563,419,1,254
Nup170,Nup170,563,547,1,255
Nup170,Nup170,566,416,1,256
Nup170,Nup170,566,419,1,257
Nup170,Nup170,566,547,1,258
Nup170,Nup170,575,547,1,259
Nup170,Nup170,818,831,1,260
Nup170,Nup170,1014,1121,1,263
Nup170,Nup170,1014,1122,1,264
Nup170,Nup170,1121,1014,1,265
Nup170,Nup170,1122,1014,1,266
Nup170,Nup170,1126,1014,1,267
Nup170,Nup170,1126,1121,1,268
Nup170,Nup170,1126,1144,1,269
Nup170,Nup170,1140,1122,1,270
Nup170,Nup170,1140,1144,1,271
Nup170,Nup170,1144,1122,1,272
Nup188,Nup188,990,1035,1,intra
Nup188,Nup188,1000,990,1,intra
Nup188,Nup188,1000,1035,1,intra
Nup188,Nup188,1000,1038,1,intra
Nup188,Nup188,1038,990,1,intra
Nup188,Nup188,1052,1048,1,intra
Nup188,Nup188,1070,1073,1,intra
Nup188,Nup188,1133,1178,1,intra
Nup188,Nup188,1168,605,1,intra
Nup188,Nup188,1540,1604,1,intra
Nup188,Nup188,1596,1604,1,intra
Nup188,Nup188,1610,1638,1,intra
Nup188,Nup188,1638,1610,1,intra
Nup188,Nup188,1638,1645,1,intra
Nup188,Nup188,1645,1638,1,intra
Nup188,Nup188,1297,1304,1,298
Nup188,Nup188,1304,1297,1,299
Nup192,Nup192,164,43,1,intra
Nup192,Nup192,1241,870,1,intra
Nup192,Nup192,1283,1250,1,intra
Nup192,Nup192,1386,1425,1,intra
Nup192,Nup192,1425,1374,1,intra
Nup192,Nup192,1627,1642,1,intra
Nup192,Nup192,1642,1652,1,intra
Nup192,Nup192,567,578,1,320
Nup192,Nup192,1634,1649,1,324
Nup192,Nup192,1642,1649,1,325
Nup53,Nup53,304,284,1,intra
Nup53,Nup53,304,319,1,intra
Nup53,Nup53,304,358,1,intra
Nup53,Nup53,319,284,1,intra
Nup53,Nup53,351,358,1,intra
Nup53,Nup53,304,288,1,359
Nup53,Nup53,304,366,1,360
Nup53,Nup53,304,383,1,361
Nup53,Nup53,319,287,1,362
Nup53,Nup53,319,288,1,363
Nup53,Nup53,319,383,1,364
Nup53,Nup53,319,394,1,365
Nup53,Nup53,358,383,1,366
Nup53,Nup53,366,284,1,367
Nup53,Nup53,366,288,1,368
Nup53,Nup53,366,319,1,369
Nup53,Nup53,366,357,1,370
Nup53,Nup53,366,383,1,371
Nup53,Nup53,366,390,1,372
Nup53,Nup53,366,394,1,373
Nup53,Nup53,376,284,1,374
Nup53,Nup53,376,288,1,375
Nup53,Nup53,376,319,1,376
Nup53,Nup53,376,358,1,377
Nup53,Nup53,376,383,1,378
Nup53,Nup53,376,390,1,379
Nup53,Nup53,376,394,1,380
Nup53,Nup53,376,406,1,381
Nup53,Nup53,383,284,1,382
Nup53,Nup53,383,394,1,383
Nup53,Nup53,383,399,1,384
Nup53,Nup53,390,284,1,385
Nup53,Nup53,390,319,1,386
Nup53,Nup53,390,394,1,387
Nup53,Nup53,390,399,1,388
Nup53,Nup53,390,406,1,389
Nup53,Nup53,394,288,1,390
Nup53,Nup53,406,394,1,391
Nup53,Nup53,406,399,1,392
Nup53,Nup53,409,394,1,393
Nup53,Nup53,409,399,1,394
Pom152,Pom152,683,661,1,allow full ambiguity
Pom152,Pom152,697,709,1,allow full ambiguity
Pom152,Pom152,704,714,1,allow full ambiguity
Pom152,Pom152,764,766,1,allow full ambiguity
Pom152,Pom152,781,766,1,allow full ambiguity
Pom152,Pom152,799,771,1,allow full ambiguity
Pom152,Pom152,833,881,1,allow full ambiguity
Pom152,Pom152,833,914,1,allow full ambiguity
Pom152,Pom152,836,914,1,allow full ambiguity
Pom152,Pom152,848,881,1,allow full ambiguity
Pom152,Pom152,870,885,1,allow full ambiguity
Pom152,Pom152,870,888,1,allow full ambiguity