Protein 1,Residue 1,Protein 2,Residue 2,p value,XLUniqueID
Dyn2.1,34,Nup49,463,1,9
Dyn2.2,34,Nup49,463,1,9
Gle1,163,Gle1,171,1,10
Gle1,171,Gle1,163,1,11
Gle1,178,Gle1,171,1,12
Gle1,188,Gle1,196,1,13
Gle1,206,Gle1,163,1,14
Gle1,206,Gle1,196,1,15
Gle1,206,Gle1,212,1,16
Gle1,206,Gle1,213,1,17
Gle1,213,Gle1,206,1,18
Gle1,220,Gle1,226,1,19
Gle1,220,Gle1,231,1,20
Gle1,236,Gle1,226,1,21
Gle1,248,Gle1,236,1,22
Gle1,248,Gle1,259,1,23
Gle1,251,Gle1,259,1,24
Gle1,53,Gle1,48,1,25
Gle2,201,Gle2,243,1,27
Gle2,208,Gle2,250,1,28
Mlp1,1284,Gle1,188,1,29
Mlp1,1479,Gle1,188,1,30
Mlp1,2,Nsp1,389,1,31
Mlp1,1268,Nup159.1,999,1,32
Mlp1,1268,Nup159.2,999,1,32
Mlp2,1456,Gle1,188,1,33
Mlp2,756,Mlp2,749,1,34
Mlp2,1034,Nup116,1067,1,35
Mlp2,999,Nup59,214,1,36
Ndc1,313,Ndc1,1,1,37
Ndc1,541,Ndc1,313,1,38
Ndc1,283,Nup59,498,1,39
Nic96,16,Nic96,1,1,40
Nic96,166,Nic96,172,1,41
Nic96,166,Nic96,173,1,42
Nic96,173,Nic96,167,1,43
Nic96,173,Nic96,64,1,44
Nic96,181,Nic96,172,1,45
Nic96,181,Nic96,543,1,46
Nic96,188,Nic96,173,1,47
Nic96,266,Nic96,517,1,48
Nic96,292,Nic96,312,1,49
Nic96,306,Nic96,318,1,50
Nic96,378,Nic96,446,1,51
Nic96,389,Nic96,361,1,52
Nic96,543,Nic96,529,1,53
Nic96,64,Nic96,172,1,54
Nic96,9,Nic96,1,1,55
Nic96,9,Nic96,20,1,56
Nic96,306,Nup100,914,1,57
Nic96,709,Nup157,1274,1,58
Nic96,211,Nup170,1014,1,59
Nic96,211,Nup170,1144,1,60
Nic96,152,Nup188,1653,1,61
Nic96,188,Nup192,1471,1,62
Nic96,68,Nup49,463,1,63
Nic96,9,Nup49,332,1,64
Nsp1,740,Mlp1,566,1,68
Nsp1,740,Mlp2,858,1,69
Nsp1,660,Nic96,9,1,71
Nsp1,661,Nic96,1,1,72
Nsp1,661,Nic96,9,1,73
Nsp1,671,Nic96,1,1,74
Nsp1,671,Nic96,9,1,75
Nsp1,692,Nic96,1,1,76
Nsp1,607,Nup188,70,1,343
Nsp1,635,Nup192,43,1,344
Nsp1,692,Nup49,327,1,345
Nsp1,692,Nup49,331,1,346
Nsp1,795,Nup49,332,1,347
Nsp1,816,Nup49,376,1,348
Nsp1,816,Nup49,382,1,349
Nsp1,816,Nup49,463,1,350
Nsp1,623,Nup57,400,1,351
Nsp1,660,Nup57,307,1,352
Nsp1,816,Nup57,535,1,353
Nsp1,816,Nup57,538,1,354
Nup100,633,Nic96,9,1,362
Nup100,628,Nsp1,661,1,363
Nup100,801,Nup100,914,1,370
Nup100,801,Nup100,917,1,371
Nup100,829,Nup100,836,1,372
Nup100,849,Nup100,801,1,373
Nup100,925,Nup100,932,1,374
Nup100,932,Nup100,925,1,375
Nup100,760,Nup188,527,1,376
Nup100,639,Nup192,1369,1,377
Nup116.1,1067,Gle1,48,1,378
Nup116.2,1067,Gle1,48,1,378
Nup116.1,1070,Gle1,48,1,379
Nup116.2,1070,Gle1,48,1,379
Nup116,1078,Mlp2,1484,1,380
Nup116.1,924,Nup100,917,1,385
Nup116.2,924,Nup100,917,1,385
Nup116.1,852,Nup188,527,1,417
Nup116.2,852,Nup188,527,1,417
Nup116.1,753,Nup57,382,1,418
Nup116.2,753,Nup57,382,1,418
Nup120,124,Nup120,272,1,419
Nup120,187,Nup120,206,1,420
Nup120,206,Nup120,217,1,421
Nup120,38,Nup120,124,1,422
Nup120,400,Nup120,530,1,423
Nup120,400,Nup120,735,1,424
Nup120,42,Nup120,124,1,425
Nup120,735,Nup120,412,1,426
Nup120,972,Nup120,963,1,427
Nup120,943,Nup145c,672,1,428
Nup120,943,Nup145c,681,1,429
Nup120,972,Nup145c,681,1,430
Nup120,972,Nup145c,694,1,431
Nup120,972,Nup85,729,1,432
Nup120,972,Nup85,733,1,433
Nup120,972,Nup85,734,1,434
Nup133,1034,Nup133,946,1,435
Nup133,1142,Nup133,5,1,436
Nup133,115,Nup133,59,1,437
Nup133,191,Nup133,239,1,438
Nup133,278,Nup133,239,1,439
Nup133,488,Nup133,442,1,440
Nup133,532,Nup133,488,1,441
Nup133,544,Nup133,488,1,442
Nup133,59,Nup133,5,1,443
Nup133,904,Nup133,946,1,444
Nup133,913,Nup133,946,1,445
Nup133,946,Nup133,912,1,446
Nup133,966,Nup133,963,1,447
Nup133,973,Nup133,976,1,448
Nup133,856,Nup84,676,1,449
Nup133,936,Nup84,712,1,450
Nup133,966,Nup84,625,1,451
Nup145,384,Mlp2,1484,1,452
Nup145,394,Mlp2,1484,1,453
Nup145,394,Mlp2,1485,1,454
Nup145,395,Mlp2,1485,1,455
Nup145,444,Nup145,565,1,463
Nup145,524,Nup145,562,1,464
Nup145,524,Nup145,565,1,465
Nup145,565,Nup145,421,1,466
Nup145,382,Nup157,1194,1,469
Nup145,384,Nup157,1189,1,470
Nup145,384,Nup157,1194,1,471
Nup145,394,Nup157,1189,1,472
Nup145,395,Nup157,1189,1,473
Nup145,183,Nup188,1270,1,475
Nup145,476,Seh1,198,1,478
Nup145c,1,Nup145c,39,1,480
Nup145c,1,Nup145c,43,1,481
Nup145c,163,Nup145c,174,1,482
Nup145c,183,Nup145c,174,1,483
Nup145c,183,Nup145c,197,1,484
Nup145c,204,Nup145c,532,1,485
Nup145c,227,Nup145c,236,1,486
Nup145c,236,Nup145c,219,1,487
Nup145c,284,Nup145c,357,1,488
Nup145c,353,Nup145c,360,1,489
Nup145c,360,Nup145c,353,1,490
Nup145c,48,Nup145c,39,1,491
Nup145c,59,Nup145c,39,1,492
Nup145c,59,Nup145c,43,1,493
Nup145c,642,Nup145c,683,1,494
Nup145c,642,Nup145c,694,1,495
Nup145c,668,Nup145c,593,1,496
Nup145c,681,Nup145c,694,1,497
Nup145c,681,Nup145c,711,1,498
Nup145c,683,Nup145c,672,1,499
Nup145c,694,Nup145c,649,1,500
Nup145c,694,Nup145c,681,1,501
Nup145c,707,Nup145c,681,1,502
Nup145c,353,Nup84,154,1,503
Nup145c,39,Nup85,163,1,504
Nup145c,39,Nup85,2,1,505
Nup145c,39,Nup85,680,1,506
Nup145c,43,Nup85,163,1,507
Nup145c,694,Nup85,729,1,508
Nup145c,183,Sec13,282,1,509
Nup145c,649,Sec13,83,1,510
Nup145c,141,Seh1,198,1,511
Nup145c,141,Seh1,201,1,512
Nup157,1194,Nup145,381,1,513
Nup157,1229,Nup145,372,1,514
Nup157,1371,Nup157,1340,1,515
Nup157,1384,Nup157,1391,1,516
Nup157,316,Nup157,301,1,517
Nup157,360,Nup157,405,1,518
Nup157,522,Nup157,533,1,519
Nup157,732,Nup157,736,1,520
Nup157,962,Nup157,922,1,521
Nup157,976,Nup157,1000,1,522
Nup157,976,Nup170,1475,1,523
Nup170,99,Mlp1,566,1,621
Nup170,99,Mlp1,568,1,622
Nup170,99,Mlp1,570,1,623
Nup170,1014,Nup170,1121,1,624
Nup170,1014,Nup170,1122,1,625
Nup170,1029,Nup170,1144,1,626
Nup170,1046,Nup170,1014,1,627
Nup170,1114,Nup170,1014,1,628
Nup170,1121,Nup170,1014,1,629
Nup170,1122,Nup170,1014,1,630
Nup170,1126,Nup170,1014,1,631
Nup170,1126,Nup170,1121,1,632
Nup170,114,Nup170,587,1,633
Nup170,1140,Nup170,1144,1,634
Nup170,1144,Nup170,1014,1,635
Nup170,1144,Nup170,1122,1,636
Nup170,508,Nup170,512,1,637
Nup170,547,Nup170,416,1,638
Nup170,547,Nup170,419,1,639
Nup170,547,Nup170,512,1,640
Nup170,548,Nup170,512,1,641
Nup170,548,Nup170,566,1,642
Nup170,563,Nup170,547,1,643
Nup170,566,Nup170,416,1,644
Nup170,566,Nup170,419,1,645
Nup170,566,Nup170,547,1,646
Nup170,575,Nup170,139,1,647
Nup170,818,Nup170,1014,1,648
Nup170,1173,POM34,217,1,649
Nup188,1604,Mlp2,1473,1,650
Nup188,1653,Nic96,167,1,651
Nup188,981,Nic96,9,1,652
Nup188,423,Nup100,709,1,653
Nup188,70,Nup116.1,772,1,654
Nup188,70,Nup116.2,772,1,654
Nup188,70,Nup116.1,777,1,655
Nup188,70,Nup116.2,777,1,655
Nup188,70,Nup116.1,778,1,656
Nup188,70,Nup116.2,778,1,656
Nup188,1000,Nup188,1035,1,657
Nup188,1000,Nup188,1038,1,658
Nup188,1000,Nup188,990,1,659
Nup188,1038,Nup188,990,1,660
Nup188,1046,Nup188,1052,1,661
Nup188,1052,Nup188,1048,1,662
Nup188,1057,Nup188,1051,1,663
Nup188,1057,Nup188,1052,1,664
Nup188,1540,Nup188,1604,1,665
Nup188,1610,Nup188,1638,1,666
Nup188,1638,Nup188,1610,1,667
Nup188,1638,Nup188,1645,1,668
Nup188,1645,Nup188,1638,1,669
Nup188,990,Nup188,1035,1,670
Nup188,869,Nup192,1374,1,671
Nup188,981,Nup57,467,1,672
Nup188,981,Nup57,471,1,673
Nup188,1604,Nup59,157,1,674
Nup192,1374,Nup188,869,1,675
Nup192,1481,Nup188,429,1,676
Nup192,1283,Nup192,1250,1,677
Nup192,164,Nup192,43,1,678
Nup192,1642,Nup192,1649,1,679
Nup192,1653,Nup49,463,1,680
Nup192,964,Nup49,332,1,681
Nup192,578,Nup57,423,1,682
Nup192,891,Nup57,414,1,683
Nup192,568,Nup59,151,1,684
Nup192,568,Nup59,157,1,685
Nup192,1634,Nup85,734,1,686
Nup192,895,POM34,278,1,687
Nup42,392,Gle1,259,1,688
Nup49,317,Nic96,16,1,689
Nup49,317,Nic96,9,1,690
Nup49,463,Nic96,172,1,691
Nup49,463,Nic96,61,1,692
Nup49,463,Nic96,64,1,693
Nup49,286,Nsp1,623,1,694
Nup49,295,Nsp1,623,1,695
Nup49,295,Nsp1,661,1,696
Nup49,463,Nsp1,822,1,697
Nup49,463,Nsp1,823,1,698
Nup49,295,Nup49,371,1,699
Nup49,371,Nup49,382,1,700
Nup49,383,Nup49,332,1,701
Nup49,376,Nup57,535,1,702
Nup49,382,Nup57,535,1,703
Nup49,382,Nup57,538,1,704
Nup49,463,Nup82.1,607,1,705
Nup49,463,Nup82.2,607,1,705
Nup53,174,Nic96,312,1,706
Nup53,284,Nup53,288,1,708
Nup53,304,Nup53,319,1,709
Nup53,319,Nup53,284,1,710
Nup53,366,Nup53,288,1,711
Nup53,376,Nup53,358,1,712
Nup53,376,Nup53,383,1,713
Nup53,376,Nup53,390,1,714
Nup53,390,Nup53,394,1,715
Nup53,449,Nup53,456,1,716
Nup57,382,Nic96,1,1,717
Nup57,435,Nic96,1,1,718
Nup57,496,Nic96,16,1,719
Nup57,496,Nic96,9,1,720
Nup57,496,Nsp1,661,1,721
Nup57,382,Nup116.1,772,1,722
Nup57,382,Nup116.2,772,1,722
Nup57,389,Nup116.1,772,1,723
Nup57,389,Nup116.2,772,1,723
Nup57,471,Nup188,981,1,724
Nup57,410,Nup192,892,1,725
Nup57,535,Nup49,382,1,726
Nup57,414,Nup57,410,1,727
Nup57,435,Nup57,535,1,728
Nup57,471,Nup57,467,1,729
Nup57,535,Nup57,538,1,730
Nup59,257,Nic96,315,1,731
Nup59,157,Nup49,463,1,732
Nup59,223,Nup59,214,1,733
Nup59,257,Nup59,214,1,734
Nup59,257,Nup59,223,1,735
Nup82.1,251,Gle1,48,1,736
Nup82.2,251,Gle1,48,1,736
Nup84,625,Nup133,966,1,779
Nup84,682,Nup133,966,1,780
Nup84,154,Nup145c,353,1,782
Nup84,114,Nup84,107,1,783
Nup84,172,Nup84,137,1,784
Nup84,20,Nup84,459,1,785
Nup84,20,Nup84,460,1,786
Nup84,23,Nup84,14,1,787
Nup84,23,Nup84,459,1,788
Nup84,23,Nup84,460,1,789
Nup84,459,Nup84,20,1,790
Nup84,460,Nup84,20,1,791
Nup84,544,Nup84,670,1,792
Nup84,560,Nup84,521,1,793
Nup84,573,Nup84,544,1,794
Nup84,573,Nup84,560,1,795
Nup84,592,Nup84,560,1,796
Nup84,602,Nup84,544,1,797
Nup84,619,Nup84,602,1,798
Nup84,66,Nup84,382,1,799
Nup84,669,Nup84,676,1,800
Nup84,669,Nup84,712,1,801
Nup84,682,Nup84,625,1,802
Nup85,231,Nup85,2,1,803
Nup85,231,Nup85,238,1,804
Nup85,247,Nup85,237,1,805
Nup85,247,Nup85,345,1,806
Nup85,30,Nup85,1,1,807
Nup85,30,Nup85,163,1,808
Nup85,30,Nup85,2,1,809
Nup85,39,Nup85,2,1,810
Nup85,536,Nup85,564,1,811
Nup85,60,Nup85,2,1,812
Nup85,60,Nup85,39,1,813
Nup85,680,Nup85,734,1,814
Nup85,718,Nup85,733,1,815
Nup85,718,Nup85,734,1,816
Nup85,729,Nup85,733,1,817
Nup85,729,Nup85,734,1,818
Nup85,85,Nup85,2,1,819
Nup85,85,Nup85,64,1,820
Nup85,89,Nup85,2,1,821
Nup85,30,Seh1,1,1,822
Nup85,438,Seh1,244,1,823
Nup85,564,Seh1,198,1,824
Nup85,718,Seh1,198,1,825
POM152,356,Mlp1,1169,1,826
POM152,317,POM152,322,1,827
POM152,357,POM152,363,1,828
POM152,444,POM152,322,1,829
POM152,563,POM152,766,1,830
POM152,683,POM152,661,1,831
POM152,683,POM152,726,1,832
POM152,697,POM152,528,1,833
POM152,697,POM152,814,1,834
POM152,72,POM152,81,1,835
POM152,764,POM152,766,1,836
POM152,799,POM152,771,1,837
POM152,836,POM152,914,1,838
POM152,870,POM152,885,1,839
POM152,870,POM152,888,1,840
POM152,922,POM152,985,1,841
POM34,209,Nup170,1122,1,842
POM34,209,Nup170,1144,1,843
POM34,278,Nup192,892,1,844
Sec13,2,Nup145c,141,1,850
Sec13,2,Nup145c,163,1,851
Sec13,2,Nup145c,168,1,852
Sec13,2,Nup145c,174,1,853
Sec13,2,Nup145c,39,1,854
Sec13,244,Nup145c,437,1,855
Sec13,277,Nup145c,174,1,856
Sec13,282,Nup145c,174,1,857
Sec13,282,Nup145c,437,1,858
Sec13,288,Nup145c,437,1,859
Sec13,31,Nup145c,141,1,860
Sec13,31,Nup145c,39,1,861
Sec13,34,Nup145c,168,1,862
Sec13,44,Nup145c,168,1,863
Sec13,65,Nup145c,509,1,864
Sec13,83,Nup145c,649,1,865
Sec13,245,Nup85,2,1,866
Sec13,252,Nup85,734,1,867
Sec13,186,Sec13,172,1,868
Sec13,2,Sec13,31,1,869
Sec13,2,Sec13,34,1,870
Sec13,244,Sec13,288,1,871
Sec13,252,Sec13,245,1,872
Sec13,277,Sec13,249,1,873
Sec13,288,Sec13,245,1,874
Sec13,288,Sec13,249,1,875
Sec13,183,Seh1,198,1,876
Sec13,186,Seh1,212,1,877
Sec13,2,Seh1,198,1,878
Sec13,31,Seh1,198,1,879
Seh1,198,Nup145c,141,1,881
Seh1,201,Nup145c,141,1,882
Seh1,1,Nup85,2,1,883
Seh1,1,Nup85,30,1,884
Seh1,1,Nup85,39,1,885
Seh1,100,Nup85,2,1,886
Seh1,2,Nup85,1,1,887
Seh1,207,Nup85,2,1,888
Seh1,212,Nup85,2,1,889
Seh1,236,Nup85,2,1,890
Seh1,236,Nup85,64,1,891
Seh1,244,Nup85,438,1,892
Seh1,34,Nup85,2,1,893
Seh1,40,Nup85,2,1,894
Seh1,40,Nup85,564,1,895
Seh1,1,Seh1,40,1,896
Seh1,108,Seh1,79,1,897
Seh1,182,Seh1,198,1,898
Seh1,207,Seh1,198,1,899
Seh1,236,Seh1,212,1,900
Seh1,40,Seh1,34,1,901
Seh1,82,Seh1,100,1,902
Nup159.1,1397,Nup145c,91,1,10001
Nup159.2,1397,Nup145c,91,1,10001
Nup159.1,1367,Seh1,244,1,10002
Nup159.2,1367,Seh1,244,1,10002
Nup159.1,1372,Seh1,244,1,10003
Nup159.2,1372,Seh1,244,1,10003
Nup159.1,1384,Seh1,198,1,10004
Nup159.2,1384,Seh1,198,1,10004
Nup159.1,1384,Seh1,244,1,10005
Nup159.2,1384,Seh1,244,1,10005
Nup159.1,420,Nup120,598,1,10006
Nup159.2,420,Nup120,598,1,10007
Nup82.1,659,Nup85,2,1,10008
Nup82.2,659,Nup85,2,1,10008
Nup82.1,649,Nup85,2,1,10009
Nup82.2,649,Nup85,2,1,10009