Protein 1,Residue 1,Protein 2,Residue 2,p value,XLUniqueID
Nup159.1,1397,Nup145c,91,1,1
Nup159.2,1397,Nup145c,91,1,1
Nup159.1,1367,Seh1,244,1,2
Nup159.2,1367,Seh1,244,1,2
Nup159.1,1372,Seh1,244,1,3
Nup159.2,1372,Seh1,244,1,3
Nup159.1,1384,Seh1,198,1,4
Nup159.2,1384,Seh1,198,1,4
Nup159.1,1384,Seh1,244,1,5
Nup159.2,1384,Seh1,244,1,5
Nup82.1,659,Nup85,2,1,8
Nup82.2,659,Nup85,2,1,8
Nup82.1,649,Nup85,2,1,9
Nup82.2,649,Nup85,2,1,9
Nup85,231,Nup82.1,622,1,10
Nup85,231,Nup82.2,622,1,10
Nup82.1,671,Nup145c,168,1,11
Nup82.2,671,Nup145c,168,1,11
Nup159.1,1387,Seh1,198,1,12
Nup159.2,1387,Seh1,198,1,12